{"cameraMode":{"drawMode":0,"name":"Shaded","section":"Shading Mode"},"sceneLighting":false,"audioPlay":false,"sceneViewState":{"showFog":true,"showMaterialUpdate":false,"showSkybox":false,"showFlares":true,"showImageEffects":true,"showParticleSystems":true},"in2DMode":false,"pivot":{"x":15.161928176879883,"y":-27.16009521484375,"z":-111.66294860839844},"rotation":{"x":-0.04237794131040573,"y":0.922347366809845,"z":-0.10589499771595001,"w":-0.36914190649986269},"size":116.68435668945313,"orthographic":false}