{"cameraMode":{"drawMode":0,"name":"Shaded","section":"Shading Mode"},"sceneLighting":false,"audioPlay":false,"sceneViewState":{"showFog":true,"showMaterialUpdate":false,"showSkybox":false,"showFlares":true,"showImageEffects":true,"showParticleSystems":true},"in2DMode":false,"pivot":{"x":-0.6964102983474731,"y":20.658935546875,"z":-18.597309112548829},"rotation":{"x":0.0005419875960797071,"y":0.9988650679588318,"z":0.04617149382829666,"w":-0.011683693155646325},"size":43.51474380493164,"orthographic":false}