{"cameraMode":{"drawMode":0,"name":"Shaded","section":"Shading Mode"},"sceneLighting":false,"audioPlay":false,"sceneViewState":{"showFog":true,"showMaterialUpdate":false,"showSkybox":false,"showFlares":true,"showImageEffects":true,"showParticleSystems":true},"in2DMode":false,"pivot":{"x":1.2283210754394532,"y":14.680255889892579,"z":3.8430399894714357},"rotation":{"x":0.018803145736455919,"y":0.9247812628746033,"z":-0.3772280514240265,"w":0.046098485589027408},"size":5.100320816040039,"orthographic":false}