{"cameraMode":{"drawMode":0,"name":"Shaded","section":"Shading Mode"},"sceneLighting":false,"audioPlay":false,"sceneViewState":{"showFog":true,"showMaterialUpdate":false,"showSkybox":false,"showFlares":true,"showImageEffects":true,"showParticleSystems":true},"in2DMode":false,"pivot":{"x":23.600784301757814,"y":-26.651657104492189,"z":-100.19340515136719},"rotation":{"x":-0.0150954220443964,"y":0.9630640149116516,"z":-0.05525055155158043,"w":-0.2631106972694397},"size":4.993502140045166,"orthographic":false}