{"cameraMode":{"drawMode":0,"name":"Shaded","section":"Shading Mode"},"sceneLighting":false,"audioPlay":false,"sceneViewState":{"showFog":true,"showMaterialUpdate":false,"showSkybox":true,"showFlares":true,"showImageEffects":true,"showParticleSystems":true},"in2DMode":false,"pivot":{"x":621.107177734375,"y":238.10488891601563,"z":4.663283348083496},"rotation":{"x":0.00008140619320329279,"y":-0.9971653819084168,"z":0.07523388415575028,"w":0.00109560985583812},"size":966.8592529296875,"orthographic":false}