{"cameraMode":{"drawMode":0,"name":"Shaded","section":"Shading Mode"},"sceneLighting":true,"audioPlay":false,"sceneViewState":{"showFog":true,"showMaterialUpdate":false,"showSkybox":true,"showFlares":true,"showImageEffects":true,"showParticleSystems":true},"in2DMode":false,"pivot":{"x":10.41033935546875,"y":22.870819091796876,"z":83.56368255615235},"rotation":{"x":-0.06613928079605103,"y":0.060427285730838779,"z":-0.004019538406282663,"w":-0.9959709048271179},"size":17.789295196533204,"orthographic":false}