{"cameraMode":{"drawMode":0,"name":"Shaded","section":"Shading Mode"},"sceneLighting":true,"audioPlay":false,"sceneViewState":{"showFog":true,"showMaterialUpdate":false,"showSkybox":true,"showFlares":true,"showImageEffects":true,"showParticleSystems":true},"in2DMode":false,"pivot":{"x":-4.842018127441406,"y":-0.5489883422851563,"z":32.2799186706543},"rotation":{"x":0.10378343611955643,"y":-0.8667551279067993,"z":0.2027747482061386,"w":0.4436745047569275},"size":93.77607727050781,"orthographic":false}